{"id":1,"fixedCosts":1389.6780,"variableCosts":169.84654712613423665364583333,"totalAzureCost":2474.9654562891750335693359375,"perMillionEventsReceived":1.4639584469731648763020833333,"perMillionEventsRetained":0.234507024288177490234375,"createdAt":"2026-05-01T08:29:43.465311Z"}